{
  "clip_none": {
    "config": {
      "clip_min": -10000,
      "clip_max": 10000,
      "use_tanh": false,
      "phase_min": 0.0,
      "phase_max": 1.0,
      "learn_residual": false,
      "ridge_alpha": 0.0
    },
    "learned_weights": {
      "pst": -0.8988944185043029,
      "bishop_pair": 4.157455482157772,
      "rook_placement": -2.377123916314166,
      "pawn_structure": 0.8871627549201995,
      "knight_outpost": -9.062406418864391,
      "king_safety": 1.0959234803885505,
      "mobility": 10.256913643156546,
      "space": 32.607510467932,
      "center_control": -19.6710509845236,
      "tactical": 2.286876978645971,
      "rook_features": -4.816385264591623
    },
    "rmse": 1314.4732727988894,
    "game_score": 0.5833333333333334,
    "game_result": "2W-10D-0L = 58%"
  },
  "clip_300": {
    "config": {
      "clip_min": -300,
      "clip_max": 300,
      "use_tanh": false,
      "phase_min": 0.0,
      "phase_max": 1.0,
      "learn_residual": false,
      "ridge_alpha": 0.0
    },
    "learned_weights": {
      "pst": -0.24800059861610513,
      "bishop_pair": 0.9625136869099835,
      "rook_placement": -0.47177310628936436,
      "pawn_structure": 0.11452123732910366,
      "knight_outpost": -0.6512312683161243,
      "king_safety": 0.026113622367096623,
      "mobility": 2.612291839764074,
      "space": 8.659072428519872,
      "center_control": -5.348170681882316,
      "tactical": 0.5807037810975524,
      "rook_features": -0.6666568108060957
    },
    "rmse": 200.81474475274084,
    "game_score": 0.5416666666666666,
    "game_result": "4W-5D-3L = 54%"
  },
  "clip_500": {
    "config": {
      "clip_min": -500,
      "clip_max": 500,
      "use_tanh": false,
      "phase_min": 0.0,
      "phase_max": 1.0,
      "learn_residual": false,
      "ridge_alpha": 0.0
    },
    "learned_weights": {
      "pst": -0.4426973956081738,
      "bishop_pair": 1.5530787678322568,
      "rook_placement": -0.7357749272744055,
      "pawn_structure": 0.18407053116119904,
      "knight_outpost": -1.0572389332271281,
      "king_safety": 0.031779692631042515,
      "mobility": 4.222746128373998,
      "space": 14.188354179641648,
      "center_control": -8.863753232995387,
      "tactical": 0.9128006633803496,
      "rook_features": -0.9920975440947127
    },
    "rmse": 295.9402817557762,
    "game_score": 0.5416666666666666,
    "game_result": "4W-5D-3L = 54%"
  },
  "clip_800": {
    "config": {
      "clip_min": -800,
      "clip_max": 800,
      "use_tanh": false,
      "phase_min": 0.0,
      "phase_max": 1.0,
      "learn_residual": false,
      "ridge_alpha": 0.0
    },
    "learned_weights": {
      "pst": -0.6445660509175375,
      "bishop_pair": 2.184278622089919,
      "rook_placement": -0.9992197901627781,
      "pawn_structure": 0.28684350143336856,
      "knight_outpost": -1.6359695721986611,
      "king_safety": 0.04821027862979895,
      "mobility": 6.102250097118,
      "space": 20.838161768103273,
      "center_control": -12.861996428563302,
      "tactical": 1.2610006496535735,
      "rook_features": -1.5370880417967911
    },
    "rmse": 373.7065068017336,
    "game_score": 0.5833333333333334,
    "game_result": "4W-6D-2L = 58%"
  },
  "clip_1500": {
    "config": {
      "clip_min": -1500,
      "clip_max": 1500,
      "use_tanh": false,
      "phase_min": 0.0,
      "phase_max": 1.0,
      "learn_residual": false,
      "ridge_alpha": 0.0
    },
    "learned_weights": {
      "pst": -0.8287555384236739,
      "bishop_pair": 2.729097328883482,
      "rook_placement": -1.1572801681885772,
      "pawn_structure": 0.4635569385619311,
      "knight_outpost": -2.4627295447684685,
      "king_safety": 0.15327305782027723,
      "mobility": 7.59828021234948,
      "space": 26.09125581248485,
      "center_control": -15.669103684401643,
      "tactical": 1.5427874204943302,
      "rook_features": -2.175323253695996
    },
    "rmse": 427.5043492594347,
    "game_score": 0.6666666666666666,
    "game_result": "5W-6D-1L = 67%"
  },
  "tanh_400": {
    "config": {
      "clip_min": -10000,
      "clip_max": 10000,
      "use_tanh": true,
      "phase_min": 0.0,
      "phase_max": 1.0,
      "learn_residual": false,
      "ridge_alpha": 0.0
    },
    "learned_weights": {
      "pst": -0.32690010002253506,
      "bishop_pair": 1.1906315639276015,
      "rook_placement": -0.5691228603069077,
      "pawn_structure": 0.14821772422315405,
      "knight_outpost": -0.8835071279191958,
      "king_safety": 0.029807046822459014,
      "mobility": 3.259773849355277,
      "space": 10.946161902156142,
      "center_control": -6.749946746028559,
      "tactical": 0.7021184294311383,
      "rook_features": -0.8193267919601405
    },
    "rmse": 224.70121873108275,
    "game_score": 0.4166666666666667,
    "game_result": "1W-8D-3L = 42%"
  },
  "tanh_600": {
    "config": {
      "clip_min": -10000,
      "clip_max": 10000,
      "use_tanh": true,
      "phase_min": 0.0,
      "phase_max": 1.0,
      "learn_residual": false,
      "ridge_alpha": 0.0
    },
    "learned_weights": {
      "pst": -0.45989757128479164,
      "bishop_pair": 1.6014979774298457,
      "rook_placement": -0.7449640717214333,
      "pawn_structure": 0.21238160088842664,
      "knight_outpost": -1.2170397320771578,
      "king_safety": 0.04528844411057303,
      "mobility": 4.4175067188806825,
      "space": 14.969438373784332,
      "center_control": -9.208194346393386,
      "tactical": 0.9315174464738828,
      "rook_features": -1.1291384144515682
    },
    "rmse": 281.817587288305,
    "game_score": 0.7083333333333334,
    "game_result": "5W-7D-0L = 71%"
  },
  "phase_opening": {
    "config": {
      "clip_min": -500,
      "clip_max": 500,
      "use_tanh": false,
      "phase_min": 0.6,
      "phase_max": 1.0,
      "learn_residual": false,
      "ridge_alpha": 0.0
    },
    "learned_weights": {
      "pst": -0.08975278726647065,
      "bishop_pair": 3.1652988683464813,
      "rook_placement": 0.4238717434271122,
      "pawn_structure": 0.22037915872841266,
      "knight_outpost": -0.14382202994235932,
      "king_safety": 0.05312238526684383,
      "mobility": 2.605786190756342,
      "space": 13.31000243996154,
      "center_control": -6.229970072290719,
      "tactical": 1.047264034717699,
      "rook_features": -0.6896730233727929
    },
    "rmse": 280.1597269581974,
    "game_score": 0.5,
    "game_result": "4W-4D-4L = 50%"
  },
  "phase_middle": {
    "config": {
      "clip_min": -500,
      "clip_max": 500,
      "use_tanh": false,
      "phase_min": 0.25,
      "phase_max": 0.75,
      "learn_residual": false,
      "ridge_alpha": 0.0
    },
    "learned_weights": {
      "pst": -0.44201326421757187,
      "bishop_pair": 1.5490940872574424,
      "rook_placement": -0.7316520785186054,
      "pawn_structure": 0.1840922402334104,
      "knight_outpost": -1.0581624511591672,
      "king_safety": 0.031016640224768133,
      "mobility": 4.220653806158117,
      "space": 14.208074961002291,
      "center_control": -8.829052813178377,
      "tactical": 0.9132589149209743,
      "rook_features": -0.991282834257032
    },
    "rmse": 295.98270612922886,
    "game_score": 0.4583333333333333,
    "game_result": "2W-7D-3L = 46%"
  },
  "phase_endgame": {
    "config": {
      "clip_min": -500,
      "clip_max": 500,
      "use_tanh": false,
      "phase_min": 0.0,
      "phase_max": 0.4,
      "learn_residual": false,
      "ridge_alpha": 0.0
    },
    "learned_weights": {
      "pst": -0.4426973956081738,
      "bishop_pair": 1.5530787678322568,
      "rook_placement": -0.7357749272744055,
      "pawn_structure": 0.18407053116119904,
      "knight_outpost": -1.0572389332271281,
      "king_safety": 0.031779692631042515,
      "mobility": 4.222746128373998,
      "space": 14.188354179641648,
      "center_control": -8.863753232995387,
      "tactical": 0.9128006633803496,
      "rook_features": -0.9920975440947127
    },
    "rmse": 295.9402817557762,