{
  "pst": -0.44269689251596905,
  "bishop_pair": 1.5530788733455716,
  "rook_placement": -0.7357745797383167,
  "pawn_structure": 0.18407079900081286,
  "knight_outpost": -1.057236809073266,
  "king_safety": 0.03177975386721511,
  "mobility": 4.222745274034545,
  "space": 14.188332700305127,
  "center_control": -8.863746582077296,
  "tactical": 0.9128006139341538,
  "rook_features": -0.9920967030539494
}