{
  "pst": -0.44269734529887617,
  "bishop_pair": 1.5530787783835984,
  "rook_placement": -0.7357748925207691,
  "pawn_structure": 0.18407055794519456,
  "knight_outpost": -1.0572387208113216,
  "king_safety": 0.031779698754667476,
  "mobility": 4.2227460429399715,
  "space": 14.188352031705097,
  "center_control": -8.863752567903099,
  "tactical": 0.9128006584357247,
  "rook_features": -0.9920974599905448
}