{
  "pst": -0.24800059861610513,
  "bishop_pair": 0.9625136869099835,
  "rook_placement": -0.47177310628936436,
  "pawn_structure": 0.11452123732910366,
  "knight_outpost": -0.6512312683161243,
  "king_safety": 0.026113622367096623,
  "mobility": 2.612291839764074,
  "space": 8.659072428519872,
  "center_control": -5.348170681882316,
  "tactical": 0.5807037810975524,
  "rook_features": -0.6666568108060957
}