{
  "pst": -0.8988944185043029,
  "bishop_pair": 4.157455482157772,
  "rook_placement": -2.377123916314166,
  "pawn_structure": 0.8871627549201995,
  "knight_outpost": -9.062406418864391,
  "king_safety": 1.0959234803885505,
  "mobility": 10.256913643156546,
  "space": 32.607510467932,
  "center_control": -19.6710509845236,
  "tactical": 2.286876978645971,
  "rook_features": -4.816385264591623
}