{
  "pst": -0.0007940833022216346,
  "bishop_pair": 0.001058866267739643,
  "rook_placement": -0.0008574411954781088,
  "pawn_structure": 0.00026226427726611876,
  "knight_outpost": 0.0009318321756425498,
  "king_safety": 9.465546975801858e-05,
  "mobility": 0.0035847074596025695,
  "space": 0.012577263645893205,
  "center_control": -0.004207391144118705,
  "tactical": 0.0006677015302972109,
  "rook_features": -0.0013690480112663903
}