{
  "pst": -0.45989757128479164,
  "bishop_pair": 1.6014979774298457,
  "rook_placement": -0.7449640717214333,
  "pawn_structure": 0.21238160088842664,
  "knight_outpost": -1.2170397320771578,
  "king_safety": 0.04528844411057303,
  "mobility": 4.4175067188806825,
  "space": 14.969438373784332,
  "center_control": -9.208194346393386,
  "tactical": 0.9315174464738828,
  "rook_features": -1.1291384144515682
}