{
  "pst": -0.32690010002253506,
  "bishop_pair": 1.1906315639276015,
  "rook_placement": -0.5691228603069077,
  "pawn_structure": 0.14821772422315405,
  "knight_outpost": -0.8835071279191958,
  "king_safety": 0.029807046822459014,
  "mobility": 3.259773849355277,
  "space": 10.946161902156142,
  "center_control": -6.749946746028559,
  "tactical": 0.7021184294311383,
  "rook_features": -0.8193267919601405
}