{
  "pst": 1.4751591738126704,
  "bishop_pair": -0.7304434088788657,
  "rook_placement": 1.5881592989427444,
  "pawn_structure": -0.18208757616416923,
  "knight_outpost": 0.9891639144736534,
  "king_safety": -0.11331486171671955,
  "mobility": -4.170770445991005,
  "space": -26.243307557423954,
  "center_control": 4.872040435179996,
  "tactical": 0.7108810087272581,
  "rook_features": 0.8136512162611363
}