{
  "pst": -0.44201326421757187,
  "bishop_pair": 1.5490940872574424,
  "rook_placement": -0.7316520785186054,
  "pawn_structure": 0.1840922402334104,
  "knight_outpost": -1.0581624511591672,
  "king_safety": 0.031016640224768133,
  "mobility": 4.220653806158117,
  "space": 14.208074961002291,
  "center_control": -8.829052813178377,
  "tactical": 0.9132589149209743,
  "rook_features": -0.991282834257032
}