{
  "pst": -0.6445660509175375,
  "bishop_pair": 2.184278622089919,
  "rook_placement": -0.9992197901627781,
  "pawn_structure": 0.28684350143336856,
  "knight_outpost": -1.6359695721986611,
  "king_safety": 0.04821027862979895,
  "mobility": 6.102250097118,
  "space": 20.838161768103273,
  "center_control": -12.861996428563302,
  "tactical": 1.2610006496535735,
  "rook_features": -1.5370880417967911
}