{
  "pst": -0.4426973956081738,
  "bishop_pair": 1.5530787678322568,
  "rook_placement": -0.7357749272744055,
  "pawn_structure": 0.18407053116119904,
  "knight_outpost": -1.0572389332271281,
  "king_safety": 0.031779692631042515,
  "mobility": 4.222746128373998,
  "space": 14.188354179641648,
  "center_control": -8.863753232995387,
  "tactical": 0.9128006633803496,
  "rook_features": -0.9920975440947127
}