{
  "pst": -0.8287555384236739,
  "bishop_pair": 2.729097328883482,
  "rook_placement": -1.1572801681885772,
  "pawn_structure": 0.4635569385619311,
  "knight_outpost": -2.4627295447684685,
  "king_safety": 0.15327305782027723,
  "mobility": 7.59828021234948,
  "space": 26.09125581248485,
  "center_control": -15.669103684401643,
  "tactical": 1.5427874204943302,
  "rook_features": -2.175323253695996
}