{
  "pst": -0.08975278726647065,
  "bishop_pair": 3.1652988683464813,
  "rook_placement": 0.4238717434271122,
  "pawn_structure": 0.22037915872841266,
  "knight_outpost": -0.14382202994235932,
  "king_safety": 0.05312238526684383,
  "mobility": 2.605786190756342,
  "space": 13.31000243996154,
  "center_control": -6.229970072290719,
  "tactical": 1.047264034717699,
  "rook_features": -0.6896730233727929
}